{"cameraMode":{"drawMode":0,"name":"Shaded","section":"Shading Mode"},"sceneLighting":true,"audioPlay":false,"sceneViewState":{"showFog":true,"showMaterialUpdate":true,"showSkybox":true,"showFlares":true,"showImageEffects":true,"showParticleSystems":true},"in2DMode":false,"pivot":{"x":0.00016011763364076614,"y":0.2588731050491333,"z":0.003377676010131836},"rotation":{"x":0.2920062243938446,"y":0.0014345793751999736,"z":-0.00043800254934467375,"w":0.9564152359962463},"size":17.915754318237306,"orthographic":false}