{"cameraMode":{"drawMode":0,"name":"Shaded","section":"Shading Mode"},"sceneLighting":true,"audioPlay":false,"sceneViewState":{"showFog":true,"showMaterialUpdate":true,"showSkybox":true,"showFlares":true,"showImageEffects":true,"showParticleSystems":true},"in2DMode":false,"pivot":{"x":-0.2970654368400574,"y":2.910951852798462,"z":0.04878520965576172},"rotation":{"x":0.014323319308459759,"y":0.0029996836092323066,"z":-0.00004297038685763255,"w":0.9998929500579834},"size":19.158714294433595,"orthographic":false}