{"cameraMode":{"drawMode":0,"name":"Shaded","section":"Shading Mode"},"sceneLighting":true,"audioPlay":false,"sceneViewState":{"showFog":true,"showMaterialUpdate":true,"showSkybox":true,"showFlares":true,"showImageEffects":true,"showParticleSystems":true},"in2DMode":false,"pivot":{"x":0.5347050428390503,"y":-3.4641828536987306,"z":3.2404088973999025},"rotation":{"x":-0.35536882281303408,"y":-0.0022463290952146055,"z":0.0008539672126062214,"w":-0.9347230792045593},"size":14.480467796325684,"orthographic":false}