{"cameraMode":{"drawMode":0,"name":"Shaded","section":"Shading Mode"},"sceneLighting":true,"audioPlay":false,"sceneViewState":{"showFog":true,"showMaterialUpdate":true,"showSkybox":true,"showFlares":true,"showImageEffects":true,"showParticleSystems":true},"in2DMode":false,"pivot":{"x":-0.039826005697250369,"y":1.1377573013305665,"z":0.5016498565673828},"rotation":{"x":0.22681161761283875,"y":-0.013147687539458275,"z":0.0030621415935456754,"w":0.9738451242446899},"size":17.620206832885743,"orthographic":false}