{"cameraMode":{"drawMode":0,"name":"Shaded","section":"Shading Mode"},"sceneLighting":true,"audioPlay":false,"sceneViewState":{"showFog":true,"showMaterialUpdate":true,"showSkybox":true,"showFlares":true,"showImageEffects":true,"showParticleSystems":true},"in2DMode":false,"pivot":{"x":-0.036749839782714847,"y":2.702305793762207,"z":-0.4437769651412964},"rotation":{"x":-0.35536882281303408,"y":-0.0022463290952146055,"z":0.0008539672126062214,"w":-0.9347230792045593},"size":15.295202255249024,"orthographic":false}