{"cameraMode":{"drawMode":0,"name":"Shaded","section":"Shading Mode"},"sceneLighting":true,"audioPlay":false,"sceneViewState":{"showFog":true,"showMaterialUpdate":false,"showSkybox":true,"showFlares":true,"showImageEffects":true,"showParticleSystems":true},"in2DMode":false,"pivot":{"x":102.62430572509766,"y":337.40093994140627,"z":-0.4010009765625},"rotation":{"x":-0.01049970556050539,"y":-0.004499730654060841,"z":0.00004724906466435641,"w":-0.9999347925186157},"size":1536.38720703125,"orthographic":false}